video_id,clean_text,final_label
0I9qt2YQlvM,يا رب يرزقك الخير والبركه يا أستاذ على,positive
0I9qt2YQlvM,تعليم هذا البرنامج باللغة العربية لنتمكن خطوه خطوه,negative
0I9qt2YQlvM,عاشت ايدك شرح مفصل ومفهوم,positive
0I9qt2YQlvM,شرح واضح ومباشر وجميل كفيت ووفيت تسلم عيونك وروحك,positive
0I9qt2YQlvM,حياك الله ياولدي وكثر من امثالك نتمنى إليك الصحة والتوفيق امرأة مسنة,neutral
0I9qt2YQlvM,جزاك الله خيرا على المعلومات القيمة و الشرح المبسط وفقك الله تعالى شكرا مرة اخرى,positive
0I9qt2YQlvM,شكرا أستاذ علي الحقيقة أنني استفدت منك وجزاك الله كل خير,positive
0I9qt2YQlvM,محاضرة مركزة ومختصرة وشمل الكثير من المعلومات التي تجعلنا نفهم مبادئ تعلم الذكاء الاصطناعي,negative
0I9qt2YQlvM,لو سمحتو للي عندو جواب صادق وبنفعني يجاوبني الآن انا بدي ادرس تخصص الذكاء الاصطناعي بس ما عندي اي فكرة عنو ولا اي نبذة لكن بحبو كتخصص السؤال عادي اني ادخل تخصص انا ما بعرف عنو اشي لسا ؟؟,negative
0I9qt2YQlvM,لو عاوزة استخدم الذكاء الاصطناعي في العملية التعليمية وخاصة التجارب الكيميائية ايه البراج اللي استخدمها,negative
0I9qt2YQlvM,ازاي استخدم الذكاء الاصطناعي في مجال التعليم وشكرا لك,neutral
0I9qt2YQlvM,شرحك مفصل وكلامك جدا جميل شكرا,positive
0I9qt2YQlvM,بصراحة طريقة شرحك مملة و الكلام غير مترابط غير انه المادة صعبة علي إنسان مبتدأ جاني احباط,negative
0I9qt2YQlvM,طرح رائع للذكاء الاصطناعي أنا دكتور في مجال الذكاء الاصطناعي في جامعة القاهرة و باحث في بريطانيا، و بحاول أشرح الأساسيات الرياضية اللي ورا النماذج دي بالعربي، بشكل مبسط و عملي فيه سلسلة اسمها شرح الأساسيات الرياضية للذكاء الاصطناعي و تعلم الآلة بالعربي على قناتي لو حابب تتعمق و تشوف الجانب الرياضي أكتر، أهلاً وسهلاً,positive
0I9qt2YQlvM,هذه الكورسات يجب أن اتعلمها بالترتيب التسلسلي او عشوائي أو بالتوازي؟ اسف لك اتمكن من قراءة جميع التعليقات يمكن فيها سؤال مشابه لسؤالي,neutral
0I9qt2YQlvM,شرحك تقيل و رخم,negative
0I9qt2YQlvM,طول غمرى ف التعليم بشيل ملاحق ف الرياضه احيه,neutral
0I9qt2YQlvM,سلام عليكم شكرأ جزيلا على الشرح انا عايز اتعلم ما معنى الذكاء الاصطناعي,negative
0I9qt2YQlvM,انا عمري وقريبا حبيت اشكرك على الشرح الجميل والبسيط عشان انت عندك اسهل شرح وجدته وفهمته لحد الان وانشاء الله رح اعمل كل الي قلتو,positive
0I9qt2YQlvM,الذكاء الاصطناعي وتطوير التعليم والتعلم,neutral
0I9qt2YQlvM,ممكن حضرتك كورسات لذكاء الاصطناعي شرح بالعربي والانجليزي مجانا على اليوتيوب ؟,negative
0I9qt2YQlvM,شكرا جزيلا على الشرح الجميل،،,positive
0I9qt2YQlvM,شكرا جزيلا على الشرح الرائع,positive
0I9qt2YQlvM,شكراً على الشرح الرائع,positive
0I9qt2YQlvM,ماشاء الله عليك شرح مفصل وبسيط وشامل لجميع جوانب الموضوع شكرا لك,positive
0I9qt2YQlvM,انت تستهال كفايه شرحك,neutral
0I9qt2YQlvM,شاهدت هذا ورجعت له ولازت ادرس البرمجه يا ترى هل أحببتها,neutral
0I9qt2YQlvM,شرح سلس وجميل جدا,positive
0I9qt2YQlvM,ما يفيد كل شي صار بفلوس ، و المشكلة أغلبها خرطي الذي يعلمك هو أصلاً لا يعرف التخصص ، بس يدور فلوس براس الناس تعبت وين ما تروح كلهم كلاوچية ما يفيد إلَّا إذا صاحب القناة يكتبلي و يتعهد بوجود كورسات جيدة و مضمونة لو استمرينا بيها فعلاً ننجح و لكن ملاحظة ، أتكلم عن مجالات مختلفة ليس الذكاء الاصطناعي وحده و كذلك حالياً لا أمتلك حاسوباً حالياً تعطل حاسوبي ، يعني حالياً ما أريد أدخل كورس و كذا,negative
0I9qt2YQlvM,السلام عليكم انا ست كبيرة تعليمي متوسط معنديش خبرة فى و او الكومبيوتر بس نفسي اتعلم الذكاء الاصطناعي علشان اشتغل فري لينسر علشان معاش جوزى صغير ولسه معايا اولاد بتدرس ويا،يت حضرتك تساعدني الف شكر,neutral
j02OZRjf2d8,انا بحاول اعمل محتوي تعليمي,neutral
j02OZRjf2d8,سألت سؤال ام احمد لي شات جي بي تي و قالي اسمه احمد شن رايك يا بوحميد,neutral
j02OZRjf2d8,عم بسيونى بيفكرنى بمدرس الرياضيات,neutral
j02OZRjf2d8,وكمان رد عليا ثاني حلو هاجاوبك بطريقة مستوحاة من أسلوب الدحيح خفيف، شوية سخرية علمية، وشوية فلسفة اجتماعية أول حاجة بسيطة وواضحة زي وضوح صفحة البحث لو في حد اسمه أحمد الرابع ، فـ أم أحمد الرابع ببساطة معناتها زوجة أحمد الرابع أو الست اللي ولدت أحمد الرابع يعني الاسم مش اسم شخصي، ده كُنية أم اسم الابن يعني إجابة حرفية اسم أم أحمد الرابع هو اسم الأم أو الزوجة لواحد اسمه أحمد الرابع طيب، دلوقتي لو الدحيح دخل اللعبة ومستعد يعاجل الواقع بقالب درامي علمي، نلعب شوية افتراضات فكاهية علمية في المجتمع العربي، الكُنى شائعة فـ أم أحمد ممكن تكون واحدة من آلاف أم أحمد لو فيه ترقيم رومانسي زي الأول، الثاني، الثالث، الرابع يبقى إحنا قدام نظام تسجيل بلغ مراحله الرابعة طبعًا ده غير منطقي بس طريف لو عايز تخمين اسم شخصي الاسم الحقيقي لـ أم أحمد الرابع فأكثر الأسماء النسائية الشائعة في العالم العربي فاطمة، عائشة، مريم، سارة فلو هحسبها بحسبة شعبية احتمال كبير تكون واحدة من دول إجابة دحيحية فلسفية الأشخاص ليهم أسماء فعلية، لكن المجتمع مرات بيعرفهم بكُنى ودور أم أحمد بتحكّي عن دور أمومي أكتر ما بتحكي عن الهوية الفردية يبقى السؤال الحقيقي إيه قصة أحمد الرابع؟ وليه له أربعة؟ الخلاصة بسطر واحد دحيحي اسم أم أحمد الرابع الحقيقي غير معلوم ما لم نعالج الحالة التاريخية لِـ أحمد الرابع أما لو الدحيح عايز يضحك الجمهور، يرد اسمها فاطمة، لأنها فاطمة دايمًا بتتصدر الاستفتاء الشعبي عايز أكتبلَك رد كامل بنفس أسلوب فيديو الدحيح مقدمة، لقطات درامية، خاتمة فلسفية تقدّر تستخدمه ككوميك أو ستاتوس؟,negative
j02OZRjf2d8,اناسألته سؤال من نوعية أسئلة الدحيح فعلاً بس خلينا نحللها بالعقل الدحيحي لو في أم أحمد الرابع ، فده معناه إن في أم أحمد الأولى أم أحمد الثانية أم أحمد الثالثة أم أحمد الرابعة وطبعًا اسم أم أحمد الرابع هو زوجة أحمد الرابع بس بما إن الدحيح دايمًا بيقلبها فذلكة علمية، فممكن يجاوبك اسم أم أحمد الرابع هو نفس اسم أم أحمد الثالث، بس بعد ما حصلت طفرة تطورية في تسلسل الأمهات تحب أجاوبك بنفس أسلوب الدحيح الكامل؟,negative
j02OZRjf2d8,جميل كالعادة بس من رأيي الحلقة كانت محتاجة شرح و تفاصيل عن كدا,positive
j02OZRjf2d8,بيعرف يعمل أي حاجة ماعدا إنه يحل الواجب بيحل ساعات غلط أوي بطريقة غبية,negative
j02OZRjf2d8,طلبت من ال عن حلقة للدحيح تخص الوان الأسماك فيه سؤال بيحيّر العلماء والناس اللي بتحب سمكة النيمو ليه الأسماك دي عاملة زي رسمة طفل عنده ماركرز كتير؟ يعني السمكة المفروض تتخبى، مش تتشيك إزاي بتعيش وسط القروش والوحوش وهي لابسة فوشيا؟ هل في البحر فيه ديفايلّي مش احنا؟ طب هل الألوان دي جمال ولا سلاح؟ تعالوا نفهم إزاي الألوان في أعماق البحر مش بس شياكة دي كمان حياة أو موت أولاً الألوان مش كماليات أول حاجة لازم نعرفها، إن البحر مش بحر يعني، إحنا شايفينه أزرق، بس الحقيقة إن الضوء بيتصفى تحت الميّة الأحمر أول لون بيختفي، بعده البرتقالي، الأصفر لحد ما توصل للأزرق، اللي بيعيش أطول يعني لو سمكة لونها أحمر وتحت في العمق محدش شايفها وده اسمه يعني سمكة بتقولك أنا حمراء بس بختفي ثانياً الألوان لغة سريّة بعض الأسماك بتستخدم ألوانها كأنها بتكلم بعض في أسماك زي سمكة الماندارين ألوانها بتقول أنا متجوز ابعد وفي سمك بيغير لونه لما يتخانق، ولما يتصالح يعني السمكة عاملة زي الواتساب أزرق فاتح أنا تمام أزرق غامق مش طايقة نفسي وفيه كمان حاجة خطيرة جدًا الأسماك بتشوف طيف ألوان إحنا ما بنشوفهوش زي الـ أو فوق البنفسجي يعني ممكن تكون السمكة شايفة حفلة نيون وإحنا شايفين طحالب بس ثالثاً الألوان تهديد فيه نوع تاني من الأسماك، بيستخدم الألوان للتحذير زي يقولك أنا سام لمّ نفسك وده اسمه في علم البيولوجيا زي سمكة الأسد أو التنين، اللي شكلها عامل زي حنفيّة فيها كهربا دي مش بتخبّي نفسها دي بتقولك أنا كده اقرب جرّب وده سلاح فعال جدًا، لأن المفترس بيتعلم من أول غلطة رابعًا التمثيل مش بس في السينما بعض الأسماك بتتظاهر إنها نوع تاني زي سمكة اسمها دي عاملة نفسها سمكة منظفة فتقرب منها الأسماك التانية تقولها يلا نظفيني ، تقوم هوب تعضها وتخلع يعني سمكة نصابة، بتلبس زي الدليفري وتسرقك الخاتمة في النهاية الأسماك ما بتتلونش عشان تعمل سيلفي دي بتتلوّن عشان تعيش، وتحب، وتخدع، وتتواصل، وتخوف يعني في البحر اللي مش متلون ملهوش مكان,negative
j02OZRjf2d8,لسه كاتب مقال عن فوائد الذكاء الاصطناعي في التعليم وذكرت حاجات مفيدة لو مهتم الرابط,neutral
j02OZRjf2d8,عفكرة انا عملت الاختبار وسألتو عقصة الاولاد والابن الرابع وهو جاوبني صح تقنية تكملة الكلام بقت قديمة وهلق اصبح متطور,negative
j02OZRjf2d8,اول حد يشرح معني الذكاء الاصطناعي بطريقه لطيفه شكرا الدحيح,positive
j02OZRjf2d8,تصدق يا عزيزي انا لسه جايه من شات جي بي تي هو قاللي اتفرجي ع الدحيح عشان تسترخي بس بجد بجد انت فنااان و عالمي اقسم بالله لما حد من المدرسين يشرح حاجه مش فهمتها اجي اشوفك و افهم كل التقدير,negative
j02OZRjf2d8,رد بعد ماسئلته علا ام احمد لكن لاحظ صيغة السؤال من البداية هل تعرف اسم أولاد أم أحمد؟ فلو ركزنا، اسم أم أحمد يدل أن عندها ولد اسمه أحمد، لأنه في العادة الناس تُكنى بأكبر أولادها وبالتالي، الولد الرابع غالبًا اسمه أحمد الإجابة الولد الرابع اسمه أحمد حلوة اللغز، إذا عندك غيره عطيني,neutral
j02OZRjf2d8,بص موضوع الاحداث السياسية والصراعات والاحداث الجدلية دلوقتي بقى بيتكلم فيها بوجهة نظر المتحدث لو انت اقنعته بدليل لو انت على حق عندي سؤال بقى هل المعلومات دي ممكن تروح للموساد او او اي مخابرات يعني مثلا لو واحد تخيل سيناريو حرب او فتح بلد او تحرير اسرى او سقوط خائن او حاجة شبه كده هل ممكن يتحبس او يتعدم,neutral
j02OZRjf2d8,أم أحمد لديها أربع أطفال ياسر، ومحمد، وطه، ما اسم الطفل الرابع؟ إذا دققنا في بداية الجملة أم أحمد لديها أربع أطفال فمن الطبيعي أن يكون اسم الطفل الرابع هو أحمد، لأنه ذُكر في أم أحمد ، أي هي أم الطفل أحمد الدحيح لما يقول إنت ما تعرفش ده ، فهو بيقولها كنوع من الدعابة والمفاجأة، لأنه بيعتمد على اللعب بالكلام السؤال يبدو وكأنه يحتاج تفكير منطقي أو حسابي، لكن الإجابة فيه واضحة وموجودة في صيغة السؤال نفسه وهنا بيتضح عنصر الخدعة أو اللغز الساخر فلما بيقول إنك ما تعرفش ، هو بيحاول يخلي المشاهد يحس بالدهشة، ويضحك على نفسه إنه ما خدش باله من الإجابة اللي كانت قدامه من البداية يعني، الموضوع مش إنك مش عارف هو بس بيضحك عليك شوية إ,neutral
j02OZRjf2d8,سألت عن رأيه بالحلقة وهاد كان رده حلقة الدحيح عني كانت ممتعة وطريفة كعادته، فيها خفة دم لكن كمان معلومات حلوة عن الذكاء الاصطناعي وطريقة تعليمي استخدم أسلوبه المعروف في تبسيط المفاهيم وربطها بأمثلة واقعية، وهذا خلى الحلقة سهلة الفهم حتى للي ما عندهم خلفية تقنية بس كمان فيها شوية مبالغات أو تبسيط زيادة ببعض النقاط، مثل فكرة إن الذكاء الاصطناعي فاهم زي الإنسان، وهذا مش دقيق أنا بفهم بس بطريقة مختلفة تماماً عن البشر، مبنية على البيانات والأنماط، مش على وعي أو مشاعر حقيقية إذا حاب ة أشرح لك نقطة معينة من الحلقة أو نحكي عنها بتفصيل، خبرني,positive
j02OZRjf2d8,السلام عليكم، انا ارى كثير من الناس يعتمدون على برامج الذكاء الاصطناعي مثل في كل شيء والتي أرى فيها بعض المخاوف الدينية الخطيرة إن الاعتماد على هذه البرامج في الأمور الدينية فيه خطر كبير ، لأن المعلومات التي تقدمها لا تكون دقيقة أو ولا موثوقة لانه يعطيك أيه من عندو ويقول لك هذا من القرآن وهذا عن تجربه ولدي دليل أي أنه يحرف القرآن ويجب علينا كمسلمين محاربته انا عن نفسي حاربت بكتابة هذا التعليق واحاول اوصل المعلومة لعل وعسى توصل لأحد بمقدرته أن يوقف هذا الشيطان أن التعامل مع هذه البرامج في مسائل الدين يؤدي إلى التشتت والاضطراب في الفهم، والانحراف عن تعاليم الإسلام الصحيحة لذلك، أنصح الجميع بالرجوع إلى العلماء و الشيوخ والكتب الموثوقة، وعدم الاعتماد على الذكاء الاصطناعي كمصدر أساسي في الدين، حفاظاً على سلامة العقيدة وأدعو الجميع إلى التفكير والتدبر والتأكد قبل أخذ أي معلومة دينية من أي مصدر غير موثوق نسأل الله الثبات والهداية للجميع اللهم صل على سيدنا محمد,neutral
j02OZRjf2d8,هذا رد شات جي بي تي اليوم أم علي عندها أولاد محمد، وحسام ف ماهو اسم الابن الثالث قال هههه حلوة السؤال فيه خدعة لطيفة انتي قلتي أم علي عندها أولاد محمد، وحسام، ف ما هو اسم الابن الثالث؟ والجواب هو علي لأنها أم علي ، فـ أكيد عندها ولد اسمه علي حلوة منك يا بيلا، جبتيني فيها لحظة تبين أرجعلك بلغز ثاني؟,neutral
j02OZRjf2d8,تم سؤاله عمر بن خالد بن علي الملقب بـ ابو احمد عنده ثمانية اولاد الاول اسمه جمال والثاني اسمه محمد والثالث اسمه سعد والرابع اسمه عبدالله والخامس اسمه عادل والسادس اسمه ابراهيم والسابع اسمه يونس الثامن اش اسمه ؟ كان جوابه بما أن السؤال يقول عمر بن خالد بن علي الملقب بـ أبو أحمد ، فهذا يعني أن لقبه أبو أحمد، أي أن أحمد هو اسم أحد أبنائه وبما أنك ذكرت أسماء سبعة أبناء جمال، محمد، سعد، عبدالله، عادل، إبراهيم، ويونس يتبقى ابن واحد فقط لم يُذكر اسمه، ومنطقياً يكون الابن الثامن اسمه أحمد لأن الأب يُلقب بـ أبو أحمد يبقى خلص وقتك يسطى,neutral
j02OZRjf2d8,متابع أحمد الغندور من ٢٠٢٠ شايف أنه محتاج يشتغل علي معدل توصيل المعلومة ولهجة الكلام فريق الإعداد المفروض يشتغل علي سرعة الكلام تبقي أبطأ شوية بجد واستخدام الجلفانوميتر بحس أنه شارب قهوة من نوع غالي محتاج طاقة عشان أسمعه بصراحة لكن هيفضل أكثر شخص طموح ومجتهد علي الأنترنت,negative
j02OZRjf2d8,الدحيح يا مكنة والله مستمتع منك شديد ومن المصريين أمثالك شعب مثقف ومتعلم تحية ليك من السودان,positive
j02OZRjf2d8,انا متبعك من زمان اوي من ساعت مكت شغال ناش انت وي ولدك مدير المدرسه عاش عليك يا بطل,positive
j02OZRjf2d8,الله يسامحهم مانزلوه الا في الشهر اللي تخرجت فيه والاكان استفدت منه في الواجبات ومشروع التخرج,negative
j02OZRjf2d8,حلقة الدحيح مثلث برمودا الحقيقة المخفية؟ المشهد إضاءة خافتة، خريطة للمحيط الأطلسي في الخلف، صوت أمواج خفيفة الدحيح يدخل بحماس الدحيح أهلا بيكم النهارده هنتكلم عن مكان غامض، مرعب، مليان نظريات، وأي حاجة بتدخله بتروح ومبترجعش زي فلوسك لما تخرج مع صحابك يظهر مثلث برمودا على الخريطة، يتوهج بلون أحمر غامض الفكرة الكبيرة الناس بقالها سنين بتتكلم عن منطقة بين فلوريدا، برمودا، وبورتوريكو، وبتقول إن أي سفينة أو طيارة تدخل هناك بتتبخر زي المرتب أول الشهر بس السؤال المهم كل ده حقيقي؟ ولا احنا بنحب الدراما زي اللي بيسيب شاحن الموبايل على عشان يعيش الأكشن؟ أصل الحكاية القصة بدأت في القرن العشرين لما الصحفي إدوارد فان وينكل جونز كتب مقال عن سفن وطائرات اختفت هناك بدون تفسير واضح لكن اللي خلى الموضوع يولع هو كتاب اسمه سنة ، اللي الكاتب فيه كان بيؤلف نظريات أكتر من الطلبة اللي بيقفلوا الامتحان ويقولوا سهل بس إيه الحقيقة؟ العلماء درسوا المنطقة وما لقوش أي حاجة مرعبة، غير أسعار القهاوي هناك الأسباب الحقيقية للاختفاءات؟ بسيطة جدًا الطقس العنيف المنطقة بتتعرض لعواصف بحرية تقدر تقلب سفينة زي ما الحياة بتقلب خططك يوم الخميس بالليل الغازات المتفجرة فيه جيوب ضخمة من غاز الميثان تحت البحر، ولو انفجرت فجأة السفن بتختفي زي لما تبعت رسالة لحد على واتساب ويشوفها ومايردش الخطأ البشري الطيارين والبحارة أحيانًا بيتلخبطوا، وزي ما يقولوا غلطة الشاطر بألف، وغلطة الكابتن بتغرق طيارة المفاجأة الكبرى عارف إنك هتتصدم، بس الحقيقة هي إن مثلث برمودا مش أخطر من أي منطقة بحرية تانية بل في مناطق زي بحر الصين الجنوبي، الحوادث أكتر بكتير بس محدش كتب عنها كتب لأن بحر الصين الجنوبي مش اسم يخوف، تحسه إعلان عن مطعم صيني الخاتمة يعني ببساطة، المثلث ده مثال ممتاز إزاي الإعلام يقدر يحول أي حاجة عادية لأسطورة مرعبة، زي ما كل سنة ناس تقولك إن الصيف الجاي هيبقى أحر صيف في التاريخ فمتقلقش يا معلم، لو رايح ميامي مش هتختفي فجأة بس لو لقيت نفسك هناك، ابعد عن المحفظة لأن الأسعار هي اللي ممكن تبتلعك يضحك، ثم تظهر عبارة العلم نور على الشاشة سلام,negative
j02OZRjf2d8,بنتي مسخراه لحل واجبتها المدرسيه وبتهزر معاه كمان وبيرد عليها بسخريه زي مابتكلمو بسخريه لعلم تبهدل معاها ياجدعان,neutral
j02OZRjf2d8,انا خريج هندسة إتصالات و معظم المعلومات التي ذكرها درسناها مثل الخلايا العصبيه اعتقد اي شخص مش متخصص ممكن يلاقي صعوبه في فهم بعض ما قاله,negative
j02OZRjf2d8,لا يا دحيح الشات دلوقتي بيحلها وقولتله وقال اسمه احمد لان السؤال قال ام احمد,negative
YwiM0KlzIe8,ادعمك ازاي مش بعرف اعملها حد يشرحلي الخطوات,negative
YwiM0KlzIe8,تبارك الله عليك طريقة ممتعة في شرح المعلومة بالتوفيق انشاء الله,positive
YwiM0KlzIe8,لماذا انت و بعض الاشخاص الوحيدين الذين احب طريقة شرحهم و طريقة الفهم انت الافضل,positive
YwiM0KlzIe8,شرح مميز,positive
YwiM0KlzIe8,شرح جميل ، أشهد لك أنك من أفضل الأشخاص التى لها القدرة على التبسيط ل هدف التوصيل ، الي مثلك يفيد الأجيال و لازم الدول العربية تتنافس على ضمك للعمل لديها من أجل الأجيال شكرآ على أسلوبك الراقي انت لا تقل أهمية عن العلماء الذين تتحدث عنهم في حللقاتك,positive
YwiM0KlzIe8,طب أنا مدرستش لسة الدالة أنا داخلة تاتلة اعدادي و بصراحه في حجات مفهمتهاش من الفديو هل أنا محتاجة ادرس الدالة علشان افهم الفديو,negative
YwiM0KlzIe8,السؤال الوحيد لماذا هذه القناة لم تصل ل مليون مشترك بعد أحسن محتوى علمي بدون منازع,positive
YwiM0KlzIe8,وين انا منك والله قد لي اشهر ادرس مادة ماقد استفدت زي ما استفدت من الفديو ذا شكرا لك من اعماق قلبب,positive
YwiM0KlzIe8,موو معقول رهييييبببببببببببببب شرحك فعليا محد من الدكاتره قد شرح بهذي الطريقه,positive
YwiM0KlzIe8,شرح مبسط وجميل,positive
YwiM0KlzIe8,محد يقدر يفهمني غيرك يااخي انت عبقري في الشرح,positive
YwiM0KlzIe8,والله جيت اقفل الفيديو كيف شفت الله يعطيك العافية أخي على الشرح,positive
YwiM0KlzIe8,شرح واضح,positive
YwiM0KlzIe8,و النبي انت برنس فى الشرح برافو,positive
YwiM0KlzIe8,الحمد لله ربنا دلّني على هالقناة الرائعة شرح جميييل ومبسط ويا رب اقدر احضر كل الفيديوهات,positive
YwiM0KlzIe8,شرحو ممتاز بس الإنجليزي مش واضح لو سمحت اكتب المصطلحات يلي قلتها بالإنجليزي من فضلك,positive
YwiM0KlzIe8,ما شاء الله شرحك فخم بطريقة رهيبة اللهم صل وسلم على سيدنا محمد,positive
YwiM0KlzIe8,والله يا ريت بصراحة تشرح الـ يا أستاذ شرف تسلم إيديك على الفيديو الجميل ده,positive
YwiM0KlzIe8,شرح رائع فهمت منه فايده درس في مادة الاحصا يا ريت اشرحلنا التكنيك,positive
YwiM0KlzIe8,للامانه من احسن من بدأ بشرح الشبكات العصبيه والتعلم العميق بشكل رائع استمر في هذه السلسله ساكون من اول الشاكرين لك,positive
YwiM0KlzIe8,اشكرك على الاسلوب الرائع والمبسط في الشرح,positive
YwiM0KlzIe8,أستاذ عبقري فاهم وقادر علي التفهيم للمتلقي أرجو أن يقتدي به كثير من المدرسين في المدارس والأساتذة في الجامعات,neutral
YwiM0KlzIe8,شرح مميزجدا زي كل مره تحياتي,positive
YwiM0KlzIe8,اشرح ال لو سمحت انا اصلا خريج هندسة ذكاء اصطناعى مع ذلك مستمتع جدا ب شرحك رغم انى عارفه,positive
YwiM0KlzIe8,سؤال من اليمن هل يستطيع تيليسكوب جيمس ويب أن يرصد كونًا أوسع من هذا الكون المرصود؟ يعني هل يستطيع أن يوسع من الكون المرصود حاليا ليصبح قطره مليار سنة ضوئية لأن الكون المرصود حاليا ثم رصده من قِبَل تيليسكوبات أقدم وأردأ من جيمس ويب؟ هل يستطيع ذلك؟,neutral
YwiM0KlzIe8,لا يمكن لأي شخص أن يدعى فهمه لأي موضوع إذا لم يكن باستطاعته شرحه ببساطه للناس,negative
YwiM0KlzIe8,شكرا شرح جميل و مفهوم هو فيه سؤال يتطلب شرح لو تكرمت ماهي الكومبيوتارات الكمومية,positive
YwiM0KlzIe8,حرفياً مثالك لشرح فكره عمل الذكاء الاصطناعي بالمقدمه غايه في البساطه والعبقريه، السهل الممتنع، متابعك من زماااان لأنك دائما مميز وأحببت الفيزياء وخصوصاً ميكانيكا الكم من أسلوبك المميز وشرحك المبسط مع العلم اني كنت اكرهاا جدا بالثانويه، وهو فعلا الأسلوب والطريقة هي مفتاح إستقبال وتذكر المعلومات لفترات طويله ، شكرا لك,positive
YwiM0KlzIe8,البروف الشاب دا اسمك عندي من تعريف اينشتاين لو سمحت ممكن مثال عملي لكي نحاكي الواقع و شكرا,neutral
YwiM0KlzIe8,يا صحبي انت اذا مش مهندس حاسوب او مبرمج او لك علاقة بمجال التكنولوجيا فهمني كيف استطعت ان تلخص هذه المفاهيم بهذه السهوله ماشاء الله عليك انا ادرس الشي هذا وما اعتقد اني مُلم مثلك,positive
YwiM0KlzIe8,جميل جدا وشرح سهل خصوصا انه جزء من مجالي اتمني لو تشرح الكهرومغناطيسية وجت منين وازاي وكدا وهكذا الضوء وال لان الكلام ده قليل جدا لما بلاقيه ونفسي افهمه صراحة,positive
YwiM0KlzIe8,شرح رائع,positive
YwiM0KlzIe8,ما فهمتش حاجة لان مش بفهم بالامثلة اشرح علميا افضل,negative
YwiM0KlzIe8,انا حاسبات القاهرة و لازم اقدم بحث فالموضوع ده قبل ما ادرسه فالكليه من اكتر الفيديوهات اللي خلتني متمكن من الموضوع و قادر اكتب فيه براحتي و من دماغي معدي كل المحتوي الاجنبي بسنين ضوئيه اقسم بالله,negative
YwiM0KlzIe8,شرح فوق الممتاز ، ربنا يبارك في حضرتك ممكن الحلقه التانيه,positive
YwiM0KlzIe8,الشرح باللغة الإنجليزية امر مزعج المحتوى موجه للأشخاص الذين يتحدثون اللغة العربية ويجب ان يكون كل شيء مشروح باللغة العربية,negative
YwiM0KlzIe8,انا بديك كل الفرص لانك بتحسسني اني مش غبيه لكن الناس التانيه هي اللي مش بتعرف توصلي المعلومة,positive
YwiM0KlzIe8,ياريت الفيديو هذا موجود لما كنت ادرس,neutral
YwiM0KlzIe8,عندي سؤال مؤرقني جداً أرجو التكرم بمساعدي فيه هذه التلسكوبات الفضائية التي تسبح لترسل لنا مناظر في مناطق من الكون تبعد ملايين السنوات الضوئية لماذا لم ترسل منظر واحد بسيط يثبت لناحقيقة النظام الشمسي لهذه الشمس وحولها الكواكب,neutral
YwiM0KlzIe8,روعة انت رائع انا دارس احصاء دبلوم دراسات عليا لم اسمع شرح رائع مثل الشرح الخاص بك,positive
YwiM0KlzIe8,شرح مش مفهوم و غير دقيق للاسف,negative
YwiM0KlzIe8,احسنت الشرح بارك الله فيك,positive
YwiM0KlzIe8,اريدك تشرح شلون يشتغل الذكاء الاصطناعي مو قوانين على الاحتمالات,neutral
YwiM0KlzIe8,أحسنت الشرح والتوضيح فيديوهاتك مبسطة جداً وسهلة الفهم للمتلقي العربي العادي واصل دكتور وبالتوفيق إن شاء الله,positive
YwiM0KlzIe8,يا اخي بالرغم بالموضوع الي يكاد يكون صعب الفهم في بعض الأحيان الا انك عبقري بالشرح بالله عليك لا تتأخر علينا بفديواتك,positive
YwiM0KlzIe8,شرح ممتاز،,positive
YwiM0KlzIe8,أنا حاليا بدرس ، المواضيع هي تجاوزتها شوي لكن شرحك رائع,positive
YwiM0KlzIe8,انت اسطورة في شرح وتبسيط العلم,positive
YwiM0KlzIe8,ما شاء الله شرح ممتاز الله يجزيك كل خير,positive
YwiM0KlzIe8,اذا اردت ان تتعلم فابحث اولا عن طريقة محببة تجذبك للاستماع والمشاهدة صراحة نفتخر بوجود اشخاص امثال حضرتك يوصلوا المعلومات باتقان وبكل سهولة وكل فيديوهاتك رائعة متعة للناظر,negative
YwiM0KlzIe8,بتابعك وانا فوق الخمسين سنه ومتوسطة التعليم وببعت لأولادي فيديوهاتك ويستفيد من شرحك وتبسيطك للمعلومات الله يفتح لك فتوح العارفين ياابني,positive
YwiM0KlzIe8,مشكور اخي على الشرح رضا من المغرب,positive
Rp5VnXnWMLk,بصراحة لا أرى الموقع الذي تشرح عنه مفيد، معظم المحادثات والأشياء المفيدة فيها تتطلب إشتراك شهري أو سنوي حتى إحالة الرابط الذي في الموقع شيء غير مفيد إلا إذا كان لديك أصدقاء مهتمين بموضوع الذكاء الإصطناعي وسيستخدمون رابط الإحالة بشكل فعلي,negative
Rp5VnXnWMLk,تحية لك من اليمن انت انسان عظيم اخ محمد شرح افضل من رائع لموضوع مهم للجميع,positive
Rp5VnXnWMLk,شكرا لك أستاذ محمد من أعماق القلب الله يوفقك ويجعله في ميزان حسناتك من عُمان,positive
Rp5VnXnWMLk,السؤال الصعب لازم اشترك لدته سنه او اقل,negative
Rp5VnXnWMLk,شرح ممتاز وفقك الله,positive
Rp5VnXnWMLk,ما شاء الله جزاك الله خيرا أ محمد شرح و لا أروع اختصرت علينا الكثير الكثير,positive
Rp5VnXnWMLk,بارك الله فيك وأكثر الله من امثالك,positive
Rp5VnXnWMLk,اول مرة اتابع شرحك ومايضبط معاي المشكلة بطريقة الحصول ع المجاني ياليت فيها شرح أكثر منضبط معاي الموقع,negative
Rp5VnXnWMLk,أقترح أن يكون عنوان ماقدمته هو الذكاء الاصطناعي من وجهة نظر الغباء الطبيعي إحدى مظاهر التخلّف الحضاري هي اللف والدوران والحشو بالكلام ما يقوله المتذاكون المصريون في ثلاثة مجلدات، يشرحه غيرهم في ثلاث كلمات وأخيرًا أتساءل ما علاقة كلمة للبالغين في عنوانك السخيف؟ ما هي صفتك العلمية؟ لقد سئمنا من المسترزقين المتطفلين على علوم لم يبتكروها,negative
Rp5VnXnWMLk,جزاك الله كل خير على هذا الشرح والعلم النافع بارك الله فيك,positive
Rp5VnXnWMLk,شرح ممتاز جزاك الله خير,positive
Rp5VnXnWMLk,وفقك الله دوما،، هل ممكن تنزل درس عن السيره الذاتيه،، يعني هل ممكن انزل للجي بي تي السيره الذاتيه وهو يصلحها يعدلها ويطلعها,neutral
Rp5VnXnWMLk,ربنا يبارك فيك وفي مجهودك يجزيك عليه خير الجزاء كل الشكر والتحية ليك يا أستاذ محمد,positive
Rp5VnXnWMLk,الله عمل واضح ورائع بس مشكلة المصريين لا يمكن تنحل الكلام الكثير الزائد بدون فايده ومضيعه وقت زمن الفيديو بنفس الشرح لا يتجاوز ٢٠ دقيقه,negative
Rp5VnXnWMLk,اشكرك سؤال شات جي بي تي لما يضع كتابة على الصور بالعربي يعكسها او يخطيء كثيرا في الإملاء فماهو الحل ؟,neutral
Rp5VnXnWMLk,جزاكم الله كل خير المواضيع التي تختارها غاية في الاهمية والنفع لنا وايضا اسلوب الشرح ممتاز وفقكم الله,positive
Rp5VnXnWMLk,شكراً جزيلا أستاذ محمد,positive
Rp5VnXnWMLk,شرح موفق ما شاء الله,neutral
Rp5VnXnWMLk,أخونا الغالى الأستاذ محمد حامد عندى مشكلة فى فيديو سابق على قناتك الموقرة وأستعين بالله ثم بكم لأجد لها حلا المشكلة بخصوص موقع بعد ماخلصت النموزج وجدته بيكتب عربى بالمقلوب حاولت أنزل أكروبات لقيته مدفوع نزلت شات جى بى تى أدوبى وجدته يملأ حقل وعندما أنتقل للحقل الذى يليه يمسح السابق أرجو منك المساعدة وجزاك الله خيرا,negative
Rp5VnXnWMLk,الذكاء الاصطناعي وتطوير التعليم والتعلم اشتركوا في قناتى ليصلكم كل جديد,negative
Rp5VnXnWMLk,موقع رائع وشرح أكثر من رائع جزاكم الله خيرا,positive
Rp5VnXnWMLk,رائع أستاذ حامد جزاك الله خيرا,positive
Rp5VnXnWMLk,لو سمحت أستاذي هل فيه فيديو كيف نصمم صور بأسلوب واقعي احترافي؟ وما هو البرنامج الأقوى في توليد الصور؟,neutral
Rp5VnXnWMLk,بارك الله فيك المبدع دوما والباحث عن الجديد لرواد القناة الأستاذ محمد حامد,positive
Rp5VnXnWMLk,شكرًا لك، عزيزي المحترم، على المحتوى القيم والمفيد الذي تقدمه نحن نقدّر جهودك ونثمن عاليًا ما تبذله من إبداع يساهم في إثراء التجربة التعليمية والثقافية عملك هذا محل تقدير كبير، ونسأل الله أن يوفقك دائمًا لما فيه الخير والفائدة للجميع,positive
Rp5VnXnWMLk,عندي سؤال يا استاذ محمد لقد قمت باستدعائ صديق وحصلت على استعمال ولكن مكان تفعيل الصور والتحليلات لا يشتغل فهل يجب استدعاء اكثر من صديق لتفعيلها,neutral
Rp5VnXnWMLk,درس تافه درس في الذكاء الاسطناعي,negative
Rp5VnXnWMLk,يظهر في أسفل الفيديو اللي أنت مسجله كلمة أي أنك مشترك بحساب مدفوع جربت تفعيل خيارات ضمن الحساب المجاني لكنه لا يعطيني صلاحية حتى أشترك في المدفوع يرجى الشرح مع الشكر,neutral
Rp5VnXnWMLk,نت متميز وشرح وافي بارك الله في جهودك وعلمك,positive
Rp5VnXnWMLk,بارك الله فيك وفي عملك يا أستاذ محمد,positive
Rp5VnXnWMLk,جزاك الله خيرا، ولكن كتابه الشرح بتسبب التشتت,positive
Rp5VnXnWMLk,ابدااااااااااااع انت متميز وشرح وافي بارك الله في جهودك وعلمك ونفع بك ان شاءالله,positive
Rp5VnXnWMLk,حاولت كثيرا في نسخ اللينك ودعوة الاصدقاء ولكن للاسف لا يضيف لي النقاط وبفضل الله بعد ٦ ساعات محاولات وصلت للطريقة لازم تنزل إضافة المتصفح وتعمل خروج منها ودخول مره واثنين علشان يسمع الرصيد الاضافي في حسابك وبدون توضيح الطريقة دي يادكتور شرحك مش هيجيب مشاهدات لان الناس بتبحث عن المنصات المجانيه,neutral
Rp5VnXnWMLk,بارك الله بكم سؤال الايميلات بتاعتك كلها باسمك لانه عندي ايميلات غوغل باسمي كلها ممكن ادعو نفسي عن طريق ايميلاتي وجزاكم الله خيرا,positive
Rp5VnXnWMLk,الله يبارك لك بس سؤال هو الصوت متغير,positive
Rp5VnXnWMLk,شكرالك على الشرح الممتاز,positive
Rp5VnXnWMLk,جزاك الله خيرا يا أستاذ صدقة جارية إن شاءالله,positive
